id,company,industry,hq,headcount,spend_complexity,cpo_hypothesis,pain_signal,linkedin_search,priority
1,Continental AG,Automotive components,"Hanover, Germany","~190,000","Massive indirect spend across IT, MRO, facility management, logistics, and professional services spanning 50+ countries with thousands of suppliers.",Head of Group Procurement / CPO,Ongoing transformation from traditional automotive to software-defined vehicles means procurement must rapidly adapt category strategies across fast-evolving tech and traditional component markets simultaneously.,"Continental AG CPO OR ""Head of Procurement"" OR ""Chief Procurement Officer"" OR ""VP Procurement"" site:linkedin.com",1
2,ZF Friedrichshafen AG,Automotive components,"Friedrichshafen, Germany","~165,000","Complex indirect spend in engineering services, IT infrastructure, logistics, facility management, and temporary labor across 30+ countries.",Chief Procurement Officer / SVP Procurement,"Major electrification pivot and recent acquisitions (e.g., WABCO) create enormous pressure to harmonize category strategies across legacy and newly integrated business units.","""ZF Friedrichshafen"" OR ""ZF Group"" CPO OR ""Head of Procurement"" OR ""Chief Procurement Officer"" site:linkedin.com",1
3,Schaeffler AG,Automotive components / Industrial bearings,"Herzogenaurach, Germany","~84,000","Significant indirect spend in tooling, IT, energy, logistics, and professional services with global manufacturing footprint across Europe, Asia, and Americas.",Chief Procurement Officer / SVP Group Procurement,"Dual business model (automotive + industrial) requires separate category strategies with diverging market dynamics, and their ongoing restructuring demands faster, data-driven sourcing decisions.","""Schaeffler"" CPO OR ""Head of Procurement"" OR ""Chief Procurement Officer"" OR ""VP Procurement"" site:linkedin.com",1
4,MAHLE GmbH,Automotive components,"Stuttgart, Germany","~72,000","Broad indirect categories including energy, logistics, IT, facility management, and consulting across 30+ countries and 150+ production locations.",Vice President Procurement / Head of Group Purchasing,Transition from combustion engine components to thermal management and e-mobility creates rapidly shifting supply markets where manual PowerPoint-based strategies become obsolete before completion.,"""MAHLE"" CPO OR ""Head of Procurement"" OR ""VP Procurement"" OR ""Head of Purchasing"" site:linkedin.com",1
5,Evonik Industries AG,Specialty chemicals,"Essen, Germany","~33,000","Complex indirect spend in energy, logistics, IT, lab equipment, MRO, and professional services with volatile raw material markets and global supplier base.",Chief Procurement Officer / Head of Group Procurement,"Specialty chemicals face extreme raw material price volatility and regulatory shifts, making static 6-week category strategy cycles dangerously slow for market responsiveness.","""Evonik"" CPO OR ""Chief Procurement Officer"" OR ""Head of Procurement"" OR ""VP Procurement"" site:linkedin.com",1
6,Lanxess AG,Specialty chemicals,"Cologne, Germany","~13,000","Indirect spend across energy procurement, logistics, IT services, MRO, and consulting for global chemical operations in 30+ countries.",Chief Procurement Officer / SVP Procurement,Recent portfolio restructuring (sale of engineering plastics to Advent) demands rapid re-baselining of category strategies across remaining business units under cost pressure.,"""Lanxess"" CPO OR ""Chief Procurement Officer"" OR ""Head of Procurement"" site:linkedin.com",1
7,Commerzbank AG,Banking / Financial services,"Frankfurt, Germany","~42,000","Large indirect spend in IT infrastructure, consulting, facility management, marketing, and professional services with complex regulatory procurement requirements.",Head of Group Procurement / CPO,Ongoing cost transformation program and IT modernization create urgent need to accelerate category strategy cycles across dozens of indirect categories simultaneously.,"""Commerzbank"" CPO OR ""Head of Procurement"" OR ""Chief Procurement Officer"" OR ""Leiter Einkauf"" site:linkedin.com",1
8,DZ Bank AG,Cooperative banking / Financial services,"Frankfurt, Germany","~32,000","Significant indirect spend in IT, consulting, facility management, and professional services across cooperative banking group entities.",Head of Procurement / Leiter Einkauf,"As Germany's second-largest bank by assets with a federated cooperative structure, aligning category strategies across group entities is highly complex and manual.","""DZ Bank"" CPO OR ""Head of Procurement"" OR ""Leiter Einkauf"" site:linkedin.com",1
9,Fresenius SE,Healthcare / Life sciences,"Bad Homburg, Germany","~190,000","Enormous indirect spend across medical devices, IT, logistics, facility management, and professional services spanning four major business segments globally.",Group Chief Procurement Officer / SVP Group Procurement,"Four diverse business segments (Kabi, Helios, Vamed, Medical Care) create siloed category strategies with limited cross-segment leverage and no unified market intelligence.","""Fresenius"" CPO OR ""Chief Procurement Officer"" OR ""Head of Group Procurement"" site:linkedin.com",1
10,Sartorius AG,Pharma / Life sciences equipment,"Göttingen, Germany","~14,000","Growing indirect spend in IT, logistics, lab consumables, facility management, and professional services with rapid global expansion footprint.",VP Procurement / Head of Global Procurement,Rapid growth through acquisitions and expansion demands scaling procurement strategy capabilities far beyond what manual processes can support.,"""Sartorius"" CPO OR ""Head of Procurement"" OR ""VP Procurement"" site:linkedin.com",1
11,EnBW Energie Baden-Württemberg AG,Energy / Utilities,"Karlsruhe, Germany","~27,000","Large indirect spend across construction services, IT, grid equipment, facility management, and consulting driven by major energy transition investments.",Head of Group Procurement / CPO,"Massive capital investment in renewable energy and grid modernization requires rapid, data-driven category strategies in fast-moving markets for wind, solar, and grid components.","""EnBW"" CPO OR ""Head of Procurement"" OR ""Chief Procurement Officer"" OR ""Leiter Einkauf"" site:linkedin.com",1
12,Verbund AG,Energy / Utilities,"Vienna, Austria","~3,500","Indirect spend in turbine maintenance, IT, construction services, consulting, and facility management for large-scale hydro and renewable energy operations.",Head of Procurement / Leiter Einkauf,Major investments in renewable energy expansion and grid infrastructure require fast-adapting category strategies in increasingly competitive supplier markets across Central Europe.,"""Verbund AG"" CPO OR ""Head of Procurement"" OR ""Leiter Einkauf"" site:linkedin.com",2
13,ING Group (Germany operations),Banking / Financial services,"Amsterdam, Netherlands","~57,000","Substantial indirect spend in IT, marketing, consulting, and professional services with ING Germany being one of the largest direct banking operations in Europe.",Global CPO / Head of Procurement Germany,Digital-first banking model creates high IT and marketing spend complexity where traditional manual category strategy cycles cannot keep pace with rapid vendor market evolution.,"""ING"" ""Germany"" OR ""ING-DiBa"" CPO OR ""Head of Procurement"" OR ""Chief Procurement Officer"" site:linkedin.com",2
14,OMV AG,Energy / Oil & Gas / Chemicals,"Vienna, Austria","~22,000","Complex indirect spend across drilling services, IT, logistics, MRO, consulting, and chemicals with operations spanning Europe and Middle East.",VP Procurement / Head of Group Procurement,Transformation from oil & gas to sustainable fuels and chemicals requires fundamentally re-building category strategies for new supply markets at pace.,"""OMV"" CPO OR ""Chief Procurement Officer"" OR ""Head of Procurement"" OR ""VP Procurement"" site:linkedin.com",2
15,Clariant AG,Specialty chemicals,"Muttenz, Switzerland","~11,000","Indirect spend in logistics, energy, IT, lab equipment, and professional services across global specialty chemicals operations with strong German manufacturing presence.",Chief Procurement Officer / Head of Global Procurement,"Post-portfolio simplification, Clariant needs to rebuild category strategies around focused specialty chemistry portfolio while managing volatile raw material and energy markets.","""Clariant"" CPO OR ""Chief Procurement Officer"" OR ""Head of Procurement"" site:linkedin.com",2
16,Knorr-Bremse AG,Industrial manufacturing / Rail & commercial vehicles,"Munich, Germany","~31,000","Indirect spend across IT, logistics, MRO, facility management, and professional services for global manufacturing operations across two divisions (rail and truck).",Chief Procurement Officer / SVP Group Procurement,Dual division structure (rail systems + commercial vehicle systems) with divergent supplier markets creates duplicated manual strategy efforts and limited cross-divisional leverage.,"""Knorr-Bremse"" CPO OR ""Chief Procurement Officer"" OR ""Head of Procurement"" OR ""VP Procurement"" site:linkedin.com",1
17,Wacker Chemie AG,Specialty chemicals / Silicon-based products,"Munich, Germany","~16,000","Complex indirect spend in energy (energy-intensive production), logistics, IT, MRO, and technical services with global operations and volatile silicon and chemical markets.",Head of Corporate Procurement / VP Procurement,"Extreme energy cost sensitivity and volatile polysilicon markets demand dynamic, real-time category strategy adjustments that 6-week PowerPoint cycles cannot deliver.","""Wacker Chemie"" CPO OR ""Head of Procurement"" OR ""VP Procurement"" OR ""Leiter Einkauf"" site:linkedin.com",1
18,Erste Group Bank AG,Banking / Financial services,"Vienna, Austria","~46,000","Significant indirect spend in IT, consulting, facility management, and professional services across banking operations in seven Central and Eastern European countries.",Head of Group Procurement / CPO,Multi-country banking operations with diverse local supplier markets make centralized category strategy creation extremely time-consuming and reliant on siloed local knowledge.,"""Erste Group"" CPO OR ""Head of Procurement"" OR ""Chief Procurement Officer"" site:linkedin.com",2
